{"S": {"BETA-D-GLUCOSE-6-PHOSPHATE:CYTOSOL": {"GLUCOSE_6_PHOSPHATASE": -1.0, "PGI": 1.0, "FBP": 0.0, "FBA": 0.0, "TPI": 0.0, "GAPD": 0.0, "PGK": 0.0, "PGM": 0.0, "ENO": 0.0, "PEP_Carboxykinase": 0.0, "Pyruvate_Carboxylase": 0.0}, "OXALOACETATE:CYTOSOL": {"GLUCOSE_6_PHOSPHATASE": 0.0, "PGI": 0.0, "FBP": 0.0, "FBA": 0.0, "TPI": 0.0, "GAPD": 0.0, "PGK": 0.0, "PGM": 0.0, "ENO": 0.0, "PEP_Carboxykinase": -1.0, "Pyruvate_Carboxylase": 1.0}, "D-FRUCTOSE_6-PHOSPHATE:CYTOSOL": {"GLUCOSE_6_PHOSPHATASE": 0.0, "PGI": -1.0, "FBP": 1.0, "FBA": 0.0, "TPI": 0.0, "GAPD": 0.0, "PGK": 0.0, "PGM": 0.0, "ENO": 0.0, "PEP_Carboxykinase": 0.0, "Pyruvate_Carboxylase": 0.0}, "D-FRUCTOSE_1,6-BISPHOSPHATE:CYTOSOL": {"GLUCOSE_6_PHOSPHATASE": 0.0, "PGI": 0.0, "FBP": -1.0, "FBA": 1.0, "TPI": 0.0, "GAPD": 0.0, "PGK": 0.0, "PGM": 0.0, "ENO": 0.0, "PEP_Carboxykinase": 0.0, "Pyruvate_Carboxylase": 0.0}, "GLYCERONE_PHOSPHATE:CYTOSOL": {"GLUCOSE_6_PHOSPHATASE": 0.0, "PGI": 0.0, "FBP": 0.0, "FBA": -1.0, "TPI": 1.0, "GAPD": 0.0, "PGK": 0.0, "PGM": 0.0, "ENO": 0.0, "PEP_Carboxykinase": 0.0, "Pyruvate_Carboxylase": 0.0}, "D-GLYCERALDEHYDE-3-PHOSPHATE:CYTOSOL": {"GLUCOSE_6_PHOSPHATASE": 0.0, "PGI": 0.0, "FBP": 0.0, "FBA": -1.0, "TPI": -1.0, "GAPD": 1.0, "PGK": 0.0, "PGM": 0.0, "ENO": 0.0, "PEP_Carboxykinase": 0.0, "Pyruvate_Carboxylase": 0.0}, "3-PHOSPHO-D-GLYCEROYL_PHOSPHATE:CYTOSOL": {"GLUCOSE_6_PHOSPHATASE": 0.0, "PGI": 0.0, "FBP": 0.0, "FBA": 0.0, "TPI": 0.0, "GAPD": -1.0, "PGK": 1.0, "PGM": 0.0, "ENO": 0.0, "PEP_Carboxykinase": 0.0, "Pyruvate_Carboxylase": 0.0}, "PHOSPHOENOLPYRUVATE:CYTOSOL": {"GLUCOSE_6_PHOSPHATASE": 0.0, "PGI": 0.0, "FBP": 0.0, "FBA": 0.0, "TPI": 0.0, "GAPD": 0.0, "PGK": 0.0, "PGM": 0.0, "ENO": -1.0, "PEP_Carboxykinase": 1.0, "Pyruvate_Carboxylase": 0.0}, "2-PHOSPHO-D-GLYCERATE:CYTOSOL": {"GLUCOSE_6_PHOSPHATASE": 0.0, "PGI": 0.0, "FBP": 0.0, "FBA": 0.0, "TPI": 0.0, "GAPD": 0.0, "PGK": 0.0, "PGM": -1.0, "ENO": 1.0, "PEP_Carboxykinase": 0.0, "Pyruvate_Carboxylase": 0.0}, "3-PHOSPHO-D-GLYCERATE:CYTOSOL": {"GLUCOSE_6_PHOSPHATASE": 0.0, "PGI": 0.0, "FBP": 0.0, "FBA": 0.0, "TPI": 0.0, "GAPD": 0.0, "PGK": -1.0, "PGM": 1.0, "ENO": 0.0, "PEP_Carboxykinase": 0.0, "Pyruvate_Carboxylase": 0.0}, "ADP:CYTOSOL": {"GLUCOSE_6_PHOSPHATASE": 0.0, "PGI": 0.0, "FBP": 0.0, "FBA": 0.0, "TPI": 0.0, "GAPD": 0.0, "PGK": 1.0, "PGM": 0.0, "ENO": 0.0, "PEP_Carboxykinase": 1.0, "Pyruvate_Carboxylase": 1.0}, "CO2:CYTOSOL": {"GLUCOSE_6_PHOSPHATASE": 0.0, "PGI": 0.0, "FBP": 0.0, "FBA": 0.0, "TPI": 0.0, "GAPD": 0.0, "PGK": 0.0, "PGM": 0.0, "ENO": 0.0, "PEP_Carboxykinase": 1.0, "Pyruvate_Carboxylase": -1.0}, "NADH:CYTOSOL": {"GLUCOSE_6_PHOSPHATASE": 0.0, "PGI": 0.0, "FBP": 0.0, "FBA": 0.0, "TPI": 0.0, "GAPD": -1.0, "PGK": 0.0, "PGM": 0.0, "ENO": 0.0, "PEP_Carboxykinase": 0.0, "Pyruvate_Carboxylase": 0.0}, "ATP:CYTOSOL": {"GLUCOSE_6_PHOSPHATASE": 0.0, "PGI": 0.0, "FBP": 0.0, "FBA": 0.0, "TPI": 0.0, "GAPD": 0.0, "PGK": -1.0, "PGM": 0.0, "ENO": 0.0, "PEP_Carboxykinase": -1.0, "Pyruvate_Carboxylase": -1.0}, "NAD+:CYTOSOL": {"GLUCOSE_6_PHOSPHATASE": 0.0, "PGI": 0.0, "FBP": 0.0, "FBA": 0.0, "TPI": 0.0, "GAPD": 1.0, "PGK": 0.0, "PGM": 0.0, "ENO": 0.0, "PEP_Carboxykinase": 0.0, "Pyruvate_Carboxylase": 0.0}, "H2O:CYTOSOL": {"GLUCOSE_6_PHOSPHATASE": 0, "PGI": 0, "FBP": 0, "FBA": 0, "TPI": 0, "GAPD": 0, "PGK": 0, "PGM": 0, "ENO": 0, "PEP_Carboxykinase": 0, "Pyruvate_Carboxylase": 0}, "ORTHOPHOSPHATE:CYTOSOL": {"GLUCOSE_6_PHOSPHATASE": 1.0, "PGI": 0.0, "FBP": 1.0, "FBA": 0.0, "TPI": 0.0, "GAPD": 1.0, "PGK": 0.0, "PGM": 0.0, "ENO": 0.0, "PEP_Carboxykinase": 0.0, "Pyruvate_Carboxylase": 1.0}, "BETA-D-GLUCOSE:CYTOSOL": {"GLUCOSE_6_PHOSPHATASE": 1.0, "PGI": 0.0, "FBP": 0.0, "FBA": 0.0, "TPI": 0.0, "GAPD": 0.0, "PGK": 0.0, "PGM": 0.0, "ENO": 0.0, "PEP_Carboxykinase": 0.0, "Pyruvate_Carboxylase": 0.0}, "PYRUVATE:CYTOSOL": {"GLUCOSE_6_PHOSPHATASE": 0.0, "PGI": 0.0, "FBP": 0.0, "FBA": 0.0, "TPI": 0.0, "GAPD": 0.0, "PGK": 0.0, "PGM": 0.0, "ENO": 0.0, "PEP_Carboxykinase": 0.0, "Pyruvate_Carboxylase": -1.0}}, "active_reactions": {"LEFT": {"GLUCOSE_6_PHOSPHATASE": "BETA-D-GLUCOSE-6-PHOSPHATE:CYTOSOL + H2O:CYTOSOL", "PGI": "D-FRUCTOSE_6-PHOSPHATE:CYTOSOL", "FBP": "H2O:CYTOSOL + D-FRUCTOSE_1,6-BISPHOSPHATE:CYTOSOL", "FBA": "GLYCERONE_PHOSPHATE:CYTOSOL + D-GLYCERALDEHYDE-3-PHOSPHATE:CYTOSOL", "TPI": "D-GLYCERALDEHYDE-3-PHOSPHATE:CYTOSOL", "GAPD": "3-PHOSPHO-D-GLYCEROYL_PHOSPHATE:CYTOSOL + NADH:CYTOSOL", "PGK": "3-PHOSPHO-D-GLYCERATE:CYTOSOL + ATP:CYTOSOL", "PGM": "2-PHOSPHO-D-GLYCERATE:CYTOSOL", "ENO": "PHOSPHOENOLPYRUVATE:CYTOSOL + H2O:CYTOSOL", "PEP_Carboxykinase": "OXALOACETATE:CYTOSOL + ATP:CYTOSOL", "Pyruvate_Carboxylase": "ATP:CYTOSOL + PYRUVATE:CYTOSOL + CO2:CYTOSOL + H2O:CYTOSOL"}, "RIGHT": {"GLUCOSE_6_PHOSPHATASE": "BETA-D-GLUCOSE:CYTOSOL + ORTHOPHOSPHATE:CYTOSOL", "PGI": "BETA-D-GLUCOSE-6-PHOSPHATE:CYTOSOL", "FBP": "D-FRUCTOSE_6-PHOSPHATE:CYTOSOL + ORTHOPHOSPHATE:CYTOSOL", "FBA": "D-FRUCTOSE_1,6-BISPHOSPHATE:CYTOSOL", "TPI": "GLYCERONE_PHOSPHATE:CYTOSOL", "GAPD": "D-GLYCERALDEHYDE-3-PHOSPHATE:CYTOSOL + ORTHOPHOSPHATE:CYTOSOL + NAD+:CYTOSOL", "PGK": "3-PHOSPHO-D-GLYCEROYL_PHOSPHATE:CYTOSOL + ADP:CYTOSOL", "PGM": "3-PHOSPHO-D-GLYCERATE:CYTOSOL", "ENO": "2-PHOSPHO-D-GLYCERATE:CYTOSOL", "PEP_Carboxykinase": "CO2:CYTOSOL + ADP:CYTOSOL + PHOSPHOENOLPYRUVATE:CYTOSOL", "Pyruvate_Carboxylase": "ADP:CYTOSOL + ORTHOPHOSPHATE:CYTOSOL + OXALOACETATE:CYTOSOL"}, "LEFT_COMPARTMENT": {"GLUCOSE_6_PHOSPHATASE": ":CYTOSOL", "PGI": ":CYTOSOL", "FBP": ":CYTOSOL", "FBA": ":CYTOSOL", "TPI": ":CYTOSOL", "GAPD": ":CYTOSOL", "PGK": ":CYTOSOL", "PGM": ":CYTOSOL", "ENO": ":CYTOSOL", "PEP_Carboxykinase": ":CYTOSOL", "Pyruvate_Carboxylase": ":CYTOSOL"}, "RIGHT_COMPARTMENT": {"GLUCOSE_6_PHOSPHATASE": ":CYTOSOL", "PGI": ":CYTOSOL", "FBP": ":CYTOSOL", "FBA": ":CYTOSOL", "TPI": ":CYTOSOL", "GAPD": ":CYTOSOL", "PGK": ":CYTOSOL", "PGM": ":CYTOSOL", "ENO": ":CYTOSOL", "PEP_Carboxykinase": ":CYTOSOL", "Pyruvate_Carboxylase": ":CYTOSOL"}, "ENZYME_LEVEL": {"GLUCOSE_6_PHOSPHATASE": 1.0, "PGI": 1.0, "FBP": 1.0, "FBA": 1.0, "TPI": 1.0, "GAPD": 1.0, "PGK": 1.0, "PGM": 1.0, "ENO": 1.0, "PEP_Carboxykinase": 1.0, "Pyruvate_Carboxylase": 1.0}, "DGZERO": {"GLUCOSE_6_PHOSPHATASE": -8.998188834383427, "PGI": -2.5220568042852847, "FBP": -9.670921735949833, "FBA": -21.45062985679897, "TPI": -5.497984497025982, "GAPD": -5.242022322089042, "PGK": 18.508338768294834, "PGM": -4.178736765746635, "ENO": 4.081700077014375, "PEP_Carboxykinase": 2.37487135532956, "Pyruvate_Carboxylase": -0.7958250266501636}, "DGZERO StdDev": {"GLUCOSE_6_PHOSPHATASE": 0.6370893718226682, "PGI": 0.5967754160874962, "FBP": 0.8183864515019577, "FBA": 0.8722695555013513, "TPI": 0.7531163572878152, "GAPD": 0.8956592715432241, "PGK": 0.8899823716333793, "PGM": 0.6554195632118891, "ENO": 0.7341928857481888, "PEP_Carboxykinase": 7.639128086053029, "Pyruvate_Carboxylase": 7.604190202200161}, "Same Compartment?": {"GLUCOSE_6_PHOSPHATASE": true, "PGI": true, "FBP": true, "FBA": true, "TPI": true, "GAPD": true, "PGK": true, "PGM": true, "ENO": true, "PEP_Carboxykinase": true, "Pyruvate_Carboxylase": true}, "Full Rxn": {"GLUCOSE_6_PHOSPHATASE": "BETA-D-GLUCOSE-6-PHOSPHATE:CYTOSOL + H2O:CYTOSOL = BETA-D-GLUCOSE:CYTOSOL + ORTHOPHOSPHATE:CYTOSOL", "PGI": "D-FRUCTOSE_6-PHOSPHATE:CYTOSOL = BETA-D-GLUCOSE-6-PHOSPHATE:CYTOSOL", "FBP": "H2O:CYTOSOL + D-FRUCTOSE_1,6-BISPHOSPHATE:CYTOSOL = D-FRUCTOSE_6-PHOSPHATE:CYTOSOL + ORTHOPHOSPHATE:CYTOSOL", "FBA": "GLYCERONE_PHOSPHATE:CYTOSOL + D-GLYCERALDEHYDE-3-PHOSPHATE:CYTOSOL = D-FRUCTOSE_1,6-BISPHOSPHATE:CYTOSOL", "TPI": "D-GLYCERALDEHYDE-3-PHOSPHATE:CYTOSOL = GLYCERONE_PHOSPHATE:CYTOSOL", "GAPD": "3-PHOSPHO-D-GLYCEROYL_PHOSPHATE:CYTOSOL + NADH:CYTOSOL = D-GLYCERALDEHYDE-3-PHOSPHATE:CYTOSOL + ORTHOPHOSPHATE:CYTOSOL + NAD+:CYTOSOL", "PGK": "3-PHOSPHO-D-GLYCERATE:CYTOSOL + ATP:CYTOSOL = 3-PHOSPHO-D-GLYCEROYL_PHOSPHATE:CYTOSOL + ADP:CYTOSOL", "PGM": "2-PHOSPHO-D-GLYCERATE:CYTOSOL = 3-PHOSPHO-D-GLYCERATE:CYTOSOL", "ENO": "PHOSPHOENOLPYRUVATE:CYTOSOL + H2O:CYTOSOL = 2-PHOSPHO-D-GLYCERATE:CYTOSOL", "PEP_Carboxykinase": "OXALOACETATE:CYTOSOL + ATP:CYTOSOL = CO2:CYTOSOL + ADP:CYTOSOL + PHOSPHOENOLPYRUVATE:CYTOSOL", "Pyruvate_Carboxylase": "ATP:CYTOSOL + PYRUVATE:CYTOSOL + CO2:CYTOSOL + H2O:CYTOSOL = ADP:CYTOSOL + ORTHOPHOSPHATE:CYTOSOL + OXALOACETATE:CYTOSOL"}}, "metabolites": {"Conc": {"BETA-D-GLUCOSE-6-PHOSPHATE:CYTOSOL": 0.0038, "OXALOACETATE:CYTOSOL": 0.001, "D-FRUCTOSE_6-PHOSPHATE:CYTOSOL": 0.318, "D-FRUCTOSE_1,6-BISPHOSPHATE:CYTOSOL": 0.096, "GLYCERONE_PHOSPHATE:CYTOSOL": 4.18e-05, "D-GLYCERALDEHYDE-3-PHOSPHATE:CYTOSOL": 7.41e-07, "3-PHOSPHO-D-GLYCEROYL_PHOSPHATE:CYTOSOL": 1.56, "PHOSPHOENOLPYRUVATE:CYTOSOL": 0.085, "2-PHOSPHO-D-GLYCERATE:CYTOSOL": 0.198, "3-PHOSPHO-D-GLYCERATE:CYTOSOL": 13.0, "ADP:CYTOSOL": 0.00056, "CO2:CYTOSOL": 0.0001, "NADH:CYTOSOL": 0.00012, "ATP:CYTOSOL": 0.0096, "NAD+:CYTOSOL": 2.1e-06, "H2O:CYTOSOL": 55.0, "ORTHOPHOSPHATE:CYTOSOL": 2e-06, "BETA-D-GLUCOSE:CYTOSOL": 1e-11, "PYRUVATE:CYTOSOL": 0.001}, "Conc_Experimental": {"BETA-D-GLUCOSE-6-PHOSPHATE:CYTOSOL": 0.0038, "OXALOACETATE:CYTOSOL": 0.001, "D-FRUCTOSE_6-PHOSPHATE:CYTOSOL": 0.318, "D-FRUCTOSE_1,6-BISPHOSPHATE:CYTOSOL": 0.096, "GLYCERONE_PHOSPHATE:CYTOSOL": 4.18e-05, "D-GLYCERALDEHYDE-3-PHOSPHATE:CYTOSOL": 7.41e-07, "3-PHOSPHO-D-GLYCEROYL_PHOSPHATE:CYTOSOL": 1.56, "PHOSPHOENOLPYRUVATE:CYTOSOL": 0.085, "2-PHOSPHO-D-GLYCERATE:CYTOSOL": 0.198, "3-PHOSPHO-D-GLYCERATE:CYTOSOL": 13.0, "ADP:CYTOSOL": 0.00056, "CO2:CYTOSOL": 0.0001, "NADH:CYTOSOL": 0.00012, "ATP:CYTOSOL": 0.0096, "NAD+:CYTOSOL": 2.1e-06, "H2O:CYTOSOL": 55.0, "ORTHOPHOSPHATE:CYTOSOL": 2e-06, "BETA-D-GLUCOSE:CYTOSOL": 1e-11, "PYRUVATE:CYTOSOL": 0.001}, "Variable": {"BETA-D-GLUCOSE-6-PHOSPHATE:CYTOSOL": true, "OXALOACETATE:CYTOSOL": true, "D-FRUCTOSE_6-PHOSPHATE:CYTOSOL": true, "D-FRUCTOSE_1,6-BISPHOSPHATE:CYTOSOL": true, "GLYCERONE_PHOSPHATE:CYTOSOL": true, "D-GLYCERALDEHYDE-3-PHOSPHATE:CYTOSOL": true, "3-PHOSPHO-D-GLYCEROYL_PHOSPHATE:CYTOSOL": true, "PHOSPHOENOLPYRUVATE:CYTOSOL": true, "2-PHOSPHO-D-GLYCERATE:CYTOSOL": true, "3-PHOSPHO-D-GLYCERATE:CYTOSOL": true, "ADP:CYTOSOL": false, "CO2:CYTOSOL": false, "NADH:CYTOSOL": false, "ATP:CYTOSOL": false, "NAD+:CYTOSOL": false, "H2O:CYTOSOL": false, "ORTHOPHOSPHATE:CYTOSOL": false, "BETA-D-GLUCOSE:CYTOSOL": false, "PYRUVATE:CYTOSOL": false}}, "Keq": 